/reviews/televisions/article/advice/before-you-buy-a-new-tv,/reviews/televisions/article/before-you-buy-a-new-tv,301,system,no
/reviews/televisions/article/advice/what-is-smart-tv-,/reviews/televisions/article/what-is-smart-tv,301,system,no
/reviews/televisions/article/advice/what-size-tv-should-i-buy,/reviews/televisions/article/what-size-tv-should-i-buy,301,system,no
/reviews/televisions/article/advice/how-to-buy-the-best-32-inch-tv,/reviews/televisions/article/how-to-buy-the-best-32-inch-tv,301,system,no
/reviews/televisions/article/advice/how-to-buy-the-best-42-inch-tv,/reviews/televisions/article/how-to-buy-the-best-42-inch-tv,301,system,no
/reviews/televisions/article/advice/how-to-buy-the-best-50-inch-tv,/reviews/televisions/article/how-to-buy-the-best-50-inch-tv,301,system,no
/reviews/televisions/article/advice/how-to-buy-the-best-cheap-tv,/reviews/televisions/article/how-to-buy-the-best-cheap-tv,301,system,no
/reviews/televisions/article/advice/best-tvs-of-2015,/reviews/televisions/article/best-tvs-of-2015,301,system,no
/reviews/televisions/article/advice/led-vs-lcd-vs-plasma-tv-,/reviews/televisions/article/led-vs-lcd-vs-plasma-tv,301,system,no
/reviews/televisions/article/advice/what-is-hd-tv,/reviews/televisions/article/what-is-hd-tv,301,system,no
/reviews/televisions/article/advice/led-vs-lcd-vs-plasma-tv-,/reviews/televisions/article/led-vs-lcd-vs-plasma-tv,301,system,no
/reviews/televisions/article/advice/what-is-3d-tv,/reviews/televisions/article/what-is-3d-tv,301,system,no
/reviews/televisions/article/advice/what-is-oled-tv,/reviews/televisions/article/what-is-oled-tv,301,system,no
/reviews/televisions/article/advice/best-tv-brands,/reviews/televisions/article/best-tv-brands,301,system,no
/reviews/televisions/article/advice/samsung-tvs-should-you-buy-one,/reviews/televisions/article/samsung-tvs-should-you-buy-one,301,system,no
/reviews/televisions/article/advice/samsung-smart-tv-everything-you-need-to-know,/reviews/televisions/article/samsung-smart-tv-everything-you-need-to-know,301,system,no
/reviews/televisions/article/advice/samsung-smart-tv-everything-you-need-to-know,/reviews/televisions/article/samsung-smart-tv-everything-you-need-to-know,301,system,no
/reviews/televisions/article/advice/sony-tvs-should-you-buy-one,/reviews/televisions/article/sony-tvs-should-you-buy-one,301,system,no
/reviews/televisions/article/advice/panasonic-tvs-should-you-buy-one,/reviews/televisions/article/panasonic-tvs-should-you-buy-one,301,system,no
/reviews/televisions/article/advice/toshiba-tvs-should-you-buy-one,/reviews/televisions/article/toshiba-tvs-should-you-buy-one,301,system,no
/reviews/televisions/article/advice/tv-connections-wizard,/reviews/televisions/article/tv-connections-wizard,301,system,no
/reviews/televisions/article/advice/getting-the-best-tv-picture,/reviews/televisions/article/getting-the-best-tv-picture,301,system,no
/reviews/televisions/article/advice/tv-vs-projector-which-is-best,/reviews/televisions/article/tv-vs-projector-which-is-best,301,system,no
/reviews/televisions/article/advice/what-is-dlna,/reviews/televisions/article/what-is-dlna,301,system,no
/reviews/televisions/article/advice/buyers-guide-to-hdmi-cables,/reviews/televisions/article/buyer-s-guide-to-hdmi-cables,301,system,no
/reviews/televisions/article/advice/tv-jargon-buster,/reviews/televisions/article/tv-glossary,301,system,no
/reviews/televisions/article/advice/tv-licence-explained,/reviews/televisions/article/tv-licence-explained,301,system,no
/reviews/televisions/article/advice/how-we-test-tvs,/reviews/televisions/article/how-we-test-tvs,301,system,no
/reviews/blu-ray-dvd-players/article/advice/how-to-buy-the-best-blu-ray-player,/reviews/blu-ray-dvd-players/article/how-to-buy-the-best-blu-ray-player,301,system,no
/reviews/blu-ray-dvd-players/article/advice/best-blu-ray-brands,/reviews/blu-ray-dvd-players/article/best-blu-ray-brands,301,system,no
/reviews/blu-ray-dvd-players/article/advice/best-cheap-blu-ray-dvd-players-under-100,/reviews/blu-ray-dvd-players/article/best-cheap-blu-ray-dvd-players-under-100,301,system,no
/reviews/blu-ray-dvd-players/article/advice/blu-ray-players-glossary,/reviews/blu-ray-dvd-players/article/blu-ray-players-glossary,301,system,no
/reviews/blu-ray-dvd-players/article/advice/how-we-test-blu-ray-players,/reviews/blu-ray-dvd-players/article/how-we-test-blu-ray-players,301,system,no
/reviews/blu-ray-dvd-players/article/advice/ps4-vs-xbox-one---which-is-best-for-blu-ray,/reviews/blu-ray-dvd-players/article/ps4-vs-xbox-one-which-is-best-for-blu-ray,301,system,no
/reviews/blu-ray-dvd-players/article/advice/best-3d-blu-ray-players,/reviews/blu-ray-dvd-players/article/best-3d-blu-ray-players,301,system,no
/reviews/blu-ray-dvd-players/article/advice/best-4k-blu-ray-dvd-players,/reviews/blu-ray-dvd-players/article/best-4k-blu-ray-dvd-players,301,system,no
/reviews/blu-ray-dvd-players/article/advice/blu-ray-versus-dvd,/reviews/blu-ray-dvd-players/article/blu-ray-versus-dvd,301,system,no
/reviews/blu-ray-dvd-players/article/advice/most-reliable-blu-ray-dvd-player-brands,/reviews/blu-ray-dvd-players/article/most-reliable-blu-ray-dvd-player-brands,301,system,no
/reviews/tv-dvd-combis/article/advice/how-to-buy-the-best-tv-dvd-combi,/reviews/tv-dvd-combis/article/how-to-buy-the-best-tv-dvd-combi,301,system,no
/reviews/tv-dvd-combis/article/advice/how-we-test-tv-dvd-combis,/reviews/tv-dvd-combis/article/how-we-test-tv-dvd-combis,301,system,no
/reviews/tv-dvd-combis/article/advice/tv-dvd-combis-faqs,/reviews/tv-dvd-combis/article/tv-dvd-combis-faqs,301,system,no
/reviews/tv-dvd-combis/article/advice/tv-dvd-combis-glossary,/reviews/tv-dvd-combis/article/tv-dvd-combis-glossary,301,system,no
/reviews/home-cinema-systems/article/advice/how-to-buy-the-best-home-cinema-system,/reviews/home-cinema-systems/article/how-to-buy-the-best-home-cinema-system,301,system,no
/reviews/home-cinema-systems/article/advice/how-to-set-up-a-home-cinema-system,/reviews/home-cinema-systems/article/how-to-set-up-a-home-cinema-system,301,system,no
/reviews/home-cinema-systems/article/advice/how-we-test-home-cinema-systems,/reviews/home-cinema-systems/article/how-we-test-home-cinema-systems,301,system,no
/reviews/home-cinema-systems/article/advice/home-cinema-systems-glossary,/reviews/home-cinema-systems/article/home-cinema-systems-glossary,301,system,no
/reviews/pvrs-and-set-top-boxes/article/advice/how-to-buy-the-best-pvr-or-set-top-box/,/reviews/pvrs-and-set-top-boxes/article/how-to-buy-the-best-set-top-box-or-pvr,301,system,no
/reviews/pvrs-and-set-top-boxes/article/advice/freesat-vs-freeview---key-features-explained/,/reviews/pvrs-and-set-top-boxes/article/freesat-vs-freeview-key-features-explained,301,system,no
/reviews/pvrs-and-set-top-boxes/article/advice/the-best-pvr-and-set-top-box-brands/,/reviews/pvrs-and-set-top-boxes/article/the-best-set-top-box-and-pvr-brands,301,system,no
/reviews/pvrs-and-set-top-boxes/article/advice/bt-tv-pvrs-and-set-top-boxes-should-you-buy-one/,/reviews/pvrs-and-set-top-boxes/article/bt-tv-set-top-boxes-and-pvrs-should-you-buy-one,301,system,no
/reviews/pvrs-and-set-top-boxes/article/advice/humax-pvrs-and-set-top-boxes-should-you-buy-one/,/reviews/pvrs-and-set-top-boxes/article/humax-set-top-boxes-and-pvrs-should-you-buy-one,301,system,no
/reviews/pvrs-and-set-top-boxes/article/advice/sky-tv-pvrs-and-set-top-boxes-should-you-buy-one/,/reviews/pvrs-and-set-top-boxes/article/sky-tv-set-top-boxes-and-pvrs-should-you-buy-one,301,system,no
/reviews/pvrs-and-set-top-boxes/article/advice/virgin-media-pvrs-and-set-top-boxes-should-you-buy-one/,/reviews/pvrs-and-set-top-boxes/article/virgin-media-set-top-boxes-and-pvrs-should-you-buy-one,301,system,no
/reviews/pvrs-and-set-top-boxes/article/advice/youview-pvrs-and-set-top-boxes-should-you-buy-one/,/reviews/pvrs-and-set-top-boxes/article/youview-set-top-boxes-and-pvrs-should-you-buy-one,301,system,no
/reviews/pvrs-and-set-top-boxes/article/advice/the-best-way-to-record-tv/,/reviews/pvrs-and-set-top-boxes/article/the-best-way-to-record-tv,301,system,no
/reviews/pvrs-and-set-top-boxes/article/advice/how-we-test-pvrs-and-set-top-boxes/,/reviews/pvrs-and-set-top-boxes/article/how-we-test-pvrs-and-set-top-boxes,301,system,no
/reviews/pvrs-and-set-top-boxes/article/advice/pvr-and-set-top-box-jargon-buster/,/reviews/pvrs-and-set-top-boxes/article/set-top-box-and-pvr-glossary,301,system,no
/technology/tv-and-dvd/guides/best-freeview-and-freesat-pvrs-2015/,/reviews/pvrs-and-set-top-boxes/article/freesat-vs-freeview-key-features-explained,301,system,no
/technology/tv-and-dvd/guides/how-to-buy-the-best-pvr/,/reviews/pvrs-and-set-top-boxes/article/how-to-buy-the-best-set-top-box-or-pvr,301,system,no
/technology/tv-and-dvd/guides/how-to-buy-the-best-pvr/what-is-a-pvr/,/reviews/pvrs-and-set-top-boxes/article/the-best-way-to-record-tv,301,system,no
/technology/tv-and-dvd/guides/how-to-buy-the-best-pvr/what-features-do-the-best-pvrs-have/,/reviews/pvrs-and-set-top-boxes/article/freesat-vs-freeview-key-features-explained,301,system,no
/technology/tv-and-dvd/guides/how-to-buy-the-best-pvr/pvr-hard-disk-size-storage-and-memory/,/reviews/pvrs-and-set-top-boxes/article/how-to-buy-the-best-set-top-box-or-pvr,301,system,no
/technology/tv-and-dvd/guides/how-to-buy-the-best-pvr/how-to-get-the-most-from-your-pvr/,/reviews/pvrs-and-set-top-boxes/article/how-to-buy-the-best-pvr-or-set-top-box,301,system,no
/technology/tv-and-dvd/guides/how-to-buy-the-best-pvr/bt-vs-sky-tv-vs-talktalk-vs-virgin-media/,/reviews/pvrs-and-set-top-boxes/article/the-best-set-top-box-and-pvr-brands,301,system,no
/technology/tv-and-dvd/guides/how-to-buy-the-best-pvr/pvr-buying-advice/,/reviews/pvrs-and-set-top-boxes/article/how-to-buy-the-best-set-top-box-or-pvr,301,system,no
/technology/tv-and-dvd/guides/how-to-buy-the-best-pvr/subtitles-audio-description-and-signing/,/reviews/pvrs-and-set-top-boxes/article/how-to-buy-the-best-set-top-box-or-pvr,301,system,no
/technology/tv-and-dvd/guides/how-to-buy-the-best-pvr/digital-tv-broadcasts--dvb/,/reviews/pvrs-and-set-top-boxes/article/how-to-buy-the-best-set-top-box-or-pvr,301,system,no
/technology/tv-and-dvd/guides/how-to-choose-a-digital-tv-recorder/,/reviews/pvrs-and-set-top-boxes/article/how-to-buy-the-best-set-top-box-or-pvr,301,system,no
/technology/tv-and-dvd/guides/how-to-choose-a-digital-tv-recorder/choosing-the-best-digital-tv-recorder/,/reviews/pvrs-and-set-top-boxes/article/how-to-buy-the-best-set-top-box-or-pvr,301,system,no
/technology/tv-and-dvd/guides/how-to-choose-a-digital-tv-recorder/how-to-buy-the-best-pvr/,/reviews/pvrs-and-set-top-boxes/article/how-to-buy-the-best-set-top-box-or-pvr,301,system,no
/technology/tv-and-dvd/guides/how-to-choose-a-digital-tv-recorder/how-to-buy-the-best-dvd-recorder/,/reviews/pvrs-and-set-top-boxes/article/how-to-buy-the-best-set-top-box-or-pvr,301,system,no
/technology/tv-and-dvd/guides/how-to-choose-a-digital-tv-recorder/subtitles-and-audio-description/,/reviews/pvrs-and-set-top-boxes/article/how-to-buy-the-best-set-top-box-or-pvr,301,system,no
/technology/tv-and-dvd/guides/how-we-test-pvrs/,/reviews/pvrs-and-set-top-boxes/article/how-to-buy-the-best-set-top-box-or-pvr,301,system,no
/technology/tv-and-dvd/guides/best-internet-tv-devices-2015/,/reviews/internet-tv-boxes/article/how-to-buy-the-best-internet-tv-box,301,system,no
/technology/tv-and-dvd/guides/how-to-buy-the-best-internet-tv-device/,/reviews/internet-tv-boxes/article/how-to-buy-the-best-internet-tv-box,301,system,no
/technology/tv-and-dvd/guides/how-to-buy-the-best-set-top-box/,/reviews/pvrs-and-set-top-boxes/article/how-to-buy-the-best-set-top-box-or-pvr,301,system,no
/technology/tv-and-dvd/guides/how-to-buy-the-best-set-top-box/choosing-the-best-set-top-box/,/reviews/pvrs-and-set-top-boxes/article/how-to-buy-the-best-set-top-box-or-pvr,301,system,no
/technology/tv-and-dvd/guides/how-to-buy-the-best-set-top-box/choosing-the-best-freeview-freesat-boxes/,/reviews/pvrs-and-set-top-boxes/article/freesat-vs-freeview-key-features-explained,301,system,no
/technology/tv-and-dvd/guides/how-to-buy-the-best-set-top-box/choosing-the-best-pay-tv-set-top-boxes-/,/reviews/pvrs-and-set-top-boxes/article/how-to-buy-the-best-set-top-box-or-pvr,301,system,no
/technology/tv-and-dvd/guides/how-we-test-set-top-boxes/,/reviews/pvrs-and-set-top-boxes/article/how-we-test-pvrs-and-set-top-boxes,301,system,no
/reviews/televisions/lg--50pb5600,/reviews/televisions/lg-50pb5600,301,system,no
/reviews/televisions/philips--32pht,/reviews/televisions/philips-32pht4509,301,system,no
/reviews/televisions/philips--47pft,/reviews/televisions/philips-47pft6309,301,system,no
/reviews/televisions/samsung--ue32h6200,/reviews/televisions/samsung-ue32h6200,301,system,no
/reviews/televisions/toshiba--40l2433d,/reviews/televisions/toshiba-40l2433db,301,system,no
/reviews/televisions/panasonic--tx-42a400,/reviews/televisions/panasonic-viera-tx-42a400b,301,system,no
/reviews/televisions/samsung--ue32h5000,/reviews/televisions/samsung-ue32h5000,301,system,no
/reviews/televisions/toshiba--32l6353d,/reviews/televisions/toshiba-32l6353db,301,system,no
/reviews/televisions/samsung--ue55hu8500,/reviews/televisions/samsung-ue55hu8500,301,system,no
/reviews/televisions/toshiba--42l7453d,/reviews/televisions/toshiba-42l7453db,301,system,no
/reviews/televisions/samsung--ue28f4000,/reviews/televisions/samsung-ue28f4000,301,system,no
/reviews/televisions/samsung--ue48h6400,/reviews/televisions/samsung-ue48h6400,301,system,no
/reviews/televisions/samsung--ue32h5500,/reviews/televisions/samsung-ue32h5500,301,system,no
/reviews/televisions/lg--42ub820v,/reviews/televisions/lg-42ub820v,301,system,no
/reviews/televisions/samsung--ue22h5600,/reviews/televisions/samsung-ue22h5600,301,system,no
/reviews/televisions/lg--49lb550v,/reviews/televisions/lg-49lb550v,301,system,no
/reviews/televisions/philips--32pfs5709,/reviews/televisions/philips-32pfs5709,301,system,no
/reviews/televisions/panasonic--tx-l42et60,/reviews/televisions/panasonic-viera-tx-l42et60b,301,system,no
/reviews/televisions/samsung--ue40f6800,/reviews/televisions/samsung-ue40f6800,301,system,no
/reviews/televisions/lg--28lb490u,/reviews/televisions/lg-28lb490u,301,system,no
/reviews/televisions/sharp--lc-39le351k,/reviews/televisions/sharp-aquos-lc-39le351k,301,system,no
/reviews/televisions/samsung--ue46h7000,/reviews/televisions/samsung-ue46h7000,301,system,no
/reviews/televisions/lg--55ub850v,/reviews/televisions/lg-55ub850v,301,system,no
/reviews/televisions/toshiba--48l5453d,/reviews/televisions/toshiba-48l5453db,301,system,no
/reviews/televisions/sony--kdl-42w705,/reviews/televisions/sony-bravia-kdl-42w705b,301,system,no
/reviews/televisions/toshiba--32w1333,/reviews/televisions/toshiba-32w1333b,301,system,no
/reviews/televisions/samsung--ue55h7000,/reviews/televisions/samsung-ue55h7000,301,system,no
/reviews/televisions/lg--42lb730v,/reviews/televisions/lg-42lb730v,301,system,no
/reviews/televisions/lg--32ln540v,/reviews/televisions/lg-32ln540v,301,system,no
/reviews/televisions/samsung--ue22f5400,/reviews/televisions/samsung-ue22f5400,301,system,no
/reviews/televisions/samsung--ue32f5300,/reviews/televisions/samsung-ue32f5300,301,system,no
/reviews/televisions/panasonic--tx-l32xm6,/reviews/televisions/panasonic-viera-tx-l32xm6b,301,system,no
/reviews/televisions/samsung--ue40h6240,/reviews/televisions/samsung-ue40h6240,301,system,no
/reviews/televisions/samsung--ue55f6100,/reviews/televisions/samsung-ue55f6100,301,system,no
/reviews/televisions/lg--49lb5500,/reviews/televisions/lg-49lb5500,301,system,no
/reviews/televisions/panasonic--tx-50as500,/reviews/televisions/panasonic-viera-tx-50as500b,301,system,no
/reviews/televisions/lg--39lb561v,/reviews/televisions/lg-39lb561v,301,system,no
/reviews/televisions/panasonic--tx-39as500,/reviews/televisions/panasonic-viera-tx-39as500b,301,system,no
/reviews/televisions/lg--39lb650v,/reviews/televisions/lg-39lb650v,301,system,no
/reviews/televisions/lg--39lb580v,/reviews/televisions/lg-39lb580v,301,system,no
/reviews/televisions/samsung--ue40h5040,/reviews/televisions/samsung-ue40h5040,301,system,no
/reviews/televisions/hitachi--32hyt46,/reviews/televisions/hitachi-32hyt46u,301,system,no
/reviews/televisions/samsung--lt19c300,/reviews/televisions/samsung-lt19c300,301,system,no
/reviews/televisions/samsung--ue55f8000,/reviews/televisions/samsung-ue55f8000,301,system,no
/reviews/televisions/samsung--pe51h4500,/reviews/televisions/samsung-pe51h4500,301,system,no
/reviews/televisions/panasonic--tx-55as740,/reviews/televisions/panasonic-viera-tx-55as740b,301,system,no
/reviews/televisions/john--lewis--55jl9000,/reviews/televisions/john-lewis-55jl9000,301,system,no
/reviews/televisions/lg--42lb650v,/reviews/televisions/lg-42lb650v,301,system,no
/reviews/televisions/lg--47la690v,/reviews/televisions/lg-47la690v,301,system,no
/reviews/televisions/lg--50pb560,/reviews/televisions/lg-50pb560b,301,system,no
/reviews/televisions/samsung--ue40h6400,/reviews/televisions/samsung-ue40h6400,301,system,no
/reviews/televisions/toshiba--22l1333,/reviews/televisions/toshiba-22l1333b,301,system,no
/reviews/televisions/samsung--ue55h6400,/reviews/televisions/samsung-ue55h6400,301,system,no
/reviews/televisions/samsung--ue50h6400,/reviews/televisions/samsung-ue50h6400,301,system,no
/reviews/televisions/sony--kd-49x8505,/reviews/televisions/sony-bravia-kd-49x8505b,301,system,no
/reviews/televisions/sharp--lc-24le250k,/reviews/televisions/sharp-lc-24le250k,301,system,no
/reviews/televisions/lg--55lb650v,/reviews/televisions/lg-55lb650v,301,system,no
/reviews/televisions/samsung--ps43f4500,/reviews/televisions/samsung-ps43f4500,301,system,no
/reviews/televisions/lg--27ms53v,/reviews/televisions/lg-27ms53v,301,system,no
/reviews/televisions/lg--32lb550,/reviews/televisions/lg-32lb550b,301,system,no
/reviews/televisions/lg--42lb580v,/reviews/televisions/lg-42lb580v,301,system,no
/reviews/televisions/panasonic--tx-50a400,/reviews/televisions/panasonic-viera-tx-50a400b,301,system,no
/reviews/televisions/sony--kd-55x9005,/reviews/televisions/sony-bravia-kd-55x9005b,301,system,no
/reviews/televisions/lg--47lb650v,/reviews/televisions/lg-47lb650v,301,system,no
/reviews/televisions/panasonic--tx-50as520,/reviews/televisions/panasonic-viera-tx-50as520b,301,system,no
/reviews/televisions/lg--55lb561v,/reviews/televisions/lg-55lb561v,301,system,no
/reviews/televisions/lg--50lb580v,/reviews/televisions/lg-50lb580v,301,system,no
/reviews/televisions/philips--40pfs5709,/reviews/televisions/philips-40pfs5709,301,system,no
/reviews/televisions/toshiba--42l6453d,/reviews/televisions/toshiba-42l6453db,301,system,no
/reviews/televisions/lg--55lb580v,/reviews/televisions/lg-55lb580v,301,system,no
/reviews/televisions/lg--42lb585v,/reviews/televisions/lg-42lb585v,301,system,no
/reviews/televisions/lg--42lb561v,/reviews/televisions/lg-42lb561v,301,system,no
/reviews/televisions/lg--50lb561v,/reviews/televisions/lg-50lb561v,301,system,no
/reviews/televisions/lg--47lb580v,/reviews/televisions/lg-47lb580v,301,system,no
/reviews/televisions/lg--22mt45,/reviews/televisions/lg-22mt45,301,system,no
/reviews/televisions/lg--32lb550u,/reviews/televisions/lg-32lb550u,301,system,no
/reviews/televisions/samsung--ue46f5300,/reviews/televisions/samsung-ue46f5300,301,system,no
/reviews/televisions/philips--48pfs6609,/reviews/televisions/philips-48pfs6609,301,system,no
/reviews/televisions/philips--22pfh4109,/reviews/televisions/philips-22pfh4109,301,system,no
/reviews/televisions/cello--c50238dvbt2,/reviews/televisions/cello-c50238dvbt2,301,system,no
/reviews/televisions/toshiba--55l7453d,/reviews/televisions/toshiba-55l7453db,301,system,no
/reviews/televisions/samsung--ue32h6400,/reviews/televisions/samsung-ue32h6400,301,system,no
/reviews/televisions/samsung--ue55h6240,/reviews/televisions/samsung-ue55h6240,301,system,no
/reviews/televisions/sharp--lc-50ld266k,/reviews/televisions/sharp-lc-50ld266k,301,system,no
/reviews/televisions/sony--kdl-32r433,/reviews/televisions/sony-kdl-32r433,301,system,no
/reviews/televisions/samsung--ue55hu7500,/reviews/televisions/samsung-ue55hu7500,301,system,no
/reviews/televisions/sony--kdl-46r473a,/reviews/televisions/sony-bravia-kdl-46r473a,301,system,no
/reviews/televisions/lg--55lb730v,/reviews/televisions/lg-55lb730v,301,system,no
/reviews/televisions/sony--kdl-32w705,/reviews/televisions/sony-bravia-kdl-32w705b,301,system,no
/reviews/televisions/samsung--ue40h7000,/reviews/televisions/samsung-ue40h7000,301,system,no
/reviews/televisions/samsung--ue48h6200,/reviews/televisions/samsung-ue48h6200,301,system,no
/reviews/televisions/samsung--ue19h4000,/reviews/televisions/samsung-ue19h4000,301,system,no
/reviews/televisions/philips--55pfs5709,/reviews/televisions/philips-55pfs5709,301,system,no
/reviews/televisions/samsung--ue40hu6900,/reviews/televisions/samsung-ue40hu6900,301,system,no
/reviews/televisions/logik--l22fe14,/reviews/televisions/logik-l22fe14,301,system,no
/reviews/televisions/hitachi--42hxt12,/reviews/televisions/hitachi-42hxt12u,301,system,no
/reviews/televisions/samsung--ue55f6800,/reviews/televisions/samsung-ue55f6800,301,system,no
/reviews/televisions/hitachi--28hyt45,/reviews/televisions/hitachi-28hyt45u,301,system,no
/reviews/televisions/hitachi--50hyt62,/reviews/televisions/hitachi-50hyt62u,301,system,no
/reviews/televisions/toshiba--40l1333d,/reviews/televisions/toshiba-40l1333db,301,system,no
/reviews/televisions/samsung--ue48h5500,/reviews/televisions/samsung-ue48h5500,301,system,no
/reviews/televisions/lg--47lb730v,/reviews/televisions/lg-47lb730v,301,system,no
/reviews/televisions/lg--50pb660v,/reviews/televisions/lg-50pb660v,301,system,no
/reviews/televisions/sony--kdl-48w605,/reviews/televisions/sony-kdl-48w605b,301,system,no
/reviews/televisions/samsung--ue32h4500,/reviews/televisions/samsung-ue32h4500,301,system,no
/reviews/televisions/samsung--ue32f5500,/reviews/televisions/samsung-ue32f5500,301,system,no
/reviews/televisions/samsung--ue40f6100,/reviews/televisions/samsung-ue40f6100,301,system,no
/reviews/televisions/panasonic--tx-48ax630,/reviews/televisions/panasonic-viera-tx-48ax630b,301,system,no
/reviews/televisions/panasonic--tx-l47dt65,/reviews/televisions/panasonic-viera-tx-l47dt65b,301,system,no
/reviews/televisions/samsung--ue32f5000,/reviews/televisions/samsung-ue32f5000,301,system,no
/reviews/televisions/toshiba--48l1433d,/reviews/televisions/toshiba-48l1433db,301,system,no
/reviews/televisions/panasonic--tx-32a400,/reviews/televisions/panasonic-viera-tx-32a400b,301,system,no
/reviews/televisions/samsung--ue24h4003,/reviews/televisions/samsung-ue24h4003,301,system,no
/reviews/televisions/samsung--ue22h5610,/reviews/televisions/samsung-ue22h5610,301,system,no
/reviews/televisions/samsung--ue48h5000,/reviews/televisions/samsung-ue48h5000,301,system,no
/reviews/televisions/sharp--lc-46ld266k,/reviews/televisions/sharp-aquos-lc-46ld266k,301,system,no
/reviews/televisions/samsung--ue55h6500,/reviews/televisions/samsung-ue55h6500,301,system,no
/reviews/televisions/philips--40pfh4319,/reviews/televisions/philips-40pfh4319,301,system,no
/reviews/televisions/samsung--ue32h4000,/reviews/televisions/samsung-ue32h4000,301,system,no
/reviews/televisions/panasonic--tx-l19xm6,/reviews/televisions/panasonic-viera-tx-l19xm6b,301,system,no
/reviews/televisions/samsung--ue46f7000,/reviews/televisions/samsung-ue46f7000,301,system,no
/reviews/televisions/toshiba--48l3451d,/reviews/televisions/toshiba-48l3451db,301,system,no
/reviews/televisions/philips--40pfs6609,/reviews/televisions/philips-40pfs6609,301,system,no
/reviews/televisions/philips--42pfh5209,/reviews/televisions/philips-42pfh5209,301,system,no
/reviews/televisions/samsung--ue48h4200,/reviews/televisions/samsung-ue48h4200,301,system,no
/reviews/televisions/panasonic--tx-42as740,/reviews/televisions/panasonic-viera-tx-42as740b,301,system,no
/reviews/televisions/finlux--42f8075-t,/reviews/televisions/finlux-42f8075-t,301,system,no
/reviews/televisions/toshiba--32w3455d,/reviews/televisions/toshiba-32w3455db,301,system,no
/reviews/televisions/lg--55ec930v,/reviews/televisions/lg-55ec930v,301,system,no
/reviews/televisions/samsung--ue40h5500,/reviews/televisions/samsung-ue40h5500,301,system,no
/reviews/televisions/toshiba--24w1433d,/reviews/televisions/toshiba-24w1433db,301,system,no
/reviews/televisions/lg--49ub850v,/reviews/televisions/lg-49ub850v,301,system,no
/reviews/televisions/samsung--ue48h8000,/reviews/televisions/samsung-ue48h8000,301,system,no
/reviews/televisions/linsar--24led980,/reviews/televisions/linsar-24led980,301,system,no
/reviews/televisions/samsung--ue40h5000,/reviews/televisions/samsung-ue40h5000,301,system,no
/reviews/televisions/samsung--ue40h6200,/reviews/televisions/samsung-ue40h6200,301,system,no
/reviews/televisions/sony--kdl-32w653a,/reviews/televisions/sony-bravia-kdl-32w653a,301,system,no
/reviews/televisions/linsar--22led901,/reviews/televisions/linsar-22led901,301,system,no
/reviews/televisions/samsung--ue48hu7500,/reviews/televisions/samsung-ue48hu7500,301,system,no
/reviews/televisions/samsung--ue55f6400,/reviews/televisions/samsung-ue55f6400,301,system,no
/reviews/televisions/lg--50pn650t,/reviews/televisions/lg-50pn650t,301,system,no
/reviews/televisions/sharp--lc-42ld266k,/reviews/televisions/sharp-aquos-lc-42ld266k,301,system,no
/reviews/televisions/samsung--ue48h6410,/reviews/televisions/samsung-ue48h6410,301,system,no
/reviews/televisions/samsung--ue55h8000,/reviews/televisions/samsung-ue55h8000,301,system,no
/reviews/televisions/toshiba--32w2433d,/reviews/televisions/toshiba-32w2433db,301,system,no
/reviews/televisions/panasonic--tx-l47ft60,/reviews/televisions/panasonic-viera-tx-l47ft60b,301,system,no
/reviews/televisions/samsung--ue28h4000,/reviews/televisions/samsung-ue28h4000,301,system,no
/reviews/televisions/lg--55ub950v,/reviews/televisions/lg-55ub950v,301,system,no
/reviews/televisions/lg--42la620v,/reviews/televisions/lg-42la620v,301,system,no
/reviews/televisions/panasonic--tx-55ax630,/reviews/televisions/panasonic-viera-tx-55ax630b,301,system,no
/reviews/televisions/sony--kdl-40r483,/reviews/televisions/sony-bravia-kdl-40r483b,301,system,no
/reviews/televisions/samsung--ue32h5040,/reviews/televisions/samsung-ue32h5040,301,system,no
/reviews/televisions/samsung--ue55h6410,/reviews/televisions/samsung-ue55h6410,301,system,no
/reviews/televisions/panasonic--tx-40as640,/reviews/televisions/panasonic-viera-tx-40as640b,301,system,no
/reviews/televisions/samsung--pe43h4500,/reviews/televisions/samsung-pe43h4500,301,system,no
/reviews/televisions/toshiba--47l6453d,/reviews/televisions/toshiba-47l6453db,301,system,no
/reviews/televisions/panasonic--tx-47as740,/reviews/televisions/panasonic-viera-tx-47as740b,301,system,no
/reviews/televisions/toshiba--24w1333,/reviews/televisions/toshiba-24w1333b,301,system,no
/reviews/televisions/lg--47la740v,/reviews/televisions/lg-47la740v,301,system,no
/reviews/televisions/lg--47lb630v,/reviews/televisions/lg-47lb630v,301,system,no
/reviews/televisions/panasonic--tx-47as802,/reviews/televisions/panasonic-viera-tx-47as802b,301,system,no
/reviews/televisions/panasonic--tx-50as650,/reviews/televisions/panasonic-viera-tx-50as650b,301,system,no
/reviews/televisions/philips--55pfs6609,/reviews/televisions/philips-55pfs6609,301,system,no
/reviews/televisions/hitachi--24hyt45,/reviews/televisions/hitachi-24hyt45u,301,system,no
/reviews/televisions/samsung--ue48h6240,/reviews/televisions/samsung-ue48h6240,301,system,no
/reviews/televisions/sony--kdl-42w829,/reviews/televisions/sony-bravia-kdl-42w829,301,system,no
/reviews/televisions/panasonic--tx-39as600,/reviews/televisions/panasonic-tx-39as600b,301,system,no
/reviews/televisions/samsung--ue32f4500,/reviews/televisions/samsung-ue32f4500,301,system,no
/reviews/televisions/samsung--ue22h5000,/reviews/televisions/samsung-ue22h5000,301,system,no
/reviews/televisions/toshiba--39l4353d,/reviews/televisions/toshiba-39l4353db,301,system,no
/reviews/televisions/lg--42lb550v,/reviews/televisions/lg-42lb550v,301,system,no
/reviews/televisions/samsung--ue55hu7200,/reviews/televisions/samsung-ue55hu7200,301,system,no
/reviews/televisions/panasonic--tx-l32b6,/reviews/televisions/panasonic-viera-tx-l32b6b,301,system,no
/reviews/televisions/lg--55la620v,/reviews/televisions/lg-55la620v,301,system,no
/reviews/televisions/toshiba--50l7355d,/reviews/televisions/toshiba-50l7355db,301,system,no
/reviews/televisions/samsung--ue40h6410,/reviews/televisions/samsung-ue40h6410,301,system,no
/reviews/televisions/sony--kdl-55w955,/reviews/televisions/sony-bravia-kdl-55w955b,301,system,no
/reviews/televisions/lg--32lb580v,/reviews/televisions/lg-32lb580v,301,system,no
/reviews/televisions/panasonic--tx-47as650,/reviews/televisions/panasonic-viera-tx-47as650b,301,system,no
/reviews/televisions/samsung--ue48h6500,/reviews/televisions/samsung-ue48h6500,301,system,no
/reviews/televisions/panasonic--tx-50ax802,/reviews/televisions/panasonic-viera-tx-50ax802b,301,system,no
/reviews/televisions/lg--32lb650v,/reviews/televisions/lg-32lb650v,301,system,no
/reviews/televisions/panasonic--tx-42as650,/reviews/televisions/panasonic-viera-tx-42as650b,301,system,no
/reviews/televisions/samsung--ue46f5500,/reviews/televisions/samsung-ue46f5500,301,system,no
/reviews/televisions/lg--42lb5500,/reviews/televisions/lg-42lb5500,301,system,no
/reviews/televisions/samsung--ue32h6410,/reviews/televisions/samsung-ue32h6410,301,system,no
/reviews/televisions/samsung--ue55h6200,/reviews/televisions/samsung-ue55h6200,301,system,no
/reviews/televisions/panasonic--tx-55as802,/reviews/televisions/panasonic-viera-tx-55as802b,301,system,no
/reviews/televisions/panasonic--tx-50as600,/reviews/televisions/panasonic-viera-tx-50as600b,301,system,no
/reviews/televisions/philips--42pus7809,/reviews/televisions/philips-42pus7809,301,system,no
/reviews/televisions/lg--50pb690v,/reviews/televisions/lg-50pb690v,301,system,no
/reviews/televisions/samsung--ue32h4510,/reviews/televisions/samsung-ue32h4510,301,system,no
/reviews/televisions/panasonic--tx-32as500,/reviews/televisions/panasonic-viera-tx-32as500b,301,system,no
/reviews/televisions/technika--22e21b-fhd,/reviews/televisions/technika-22e21b-fhd,301,system,no
/reviews/televisions/philips--48pfs5709,/reviews/televisions/philips-48pfs5709,301,system,no
/reviews/televisions/sony--kdl-40r453,/reviews/televisions/sony-bravia-kdl-40r453b,301,system,no
/reviews/televisions/panasonic--tx-24as510,/reviews/televisions/panasonic-viera-tx-24as510b,301,system,no
/reviews/televisions/lg--55lb630v,/reviews/televisions/lg-55lb630v,301,system,no
/reviews/televisions/samsung--ue40h4200,/reviews/televisions/samsung-ue40h4200,301,system,no
/reviews/televisions/panasonic--tx-39a400,/reviews/televisions/panasonic-viera-tx-39a400b,301,system,no
/reviews/sound-bars/roth--audio--bar3,/reviews/sound-bars/roth-audio-bar3,301,system,no
/reviews/sound-bars/bush--cbar6bt,/reviews/sound-bars/bush-cbar6bt,301,system,no
/reviews/blu-ray-dvd-players/pioneer--bdp-150,/reviews/blu-ray-dvd-players/pioneer-bdp-150,301,system,no
/reviews/blu-ray-dvd-players/toshiba--bdx5400,/reviews/blu-ray-dvd-players/toshiba-bdx5400ke,301,system,no
/reviews/blu-ray-dvd-players/sony--bdp-s1100,/reviews/blu-ray-dvd-players/sony-bdp-s1100,301,system,no
/reviews/blu-ray-dvd-players/panasonic--dmp-bdt230,/reviews/blu-ray-dvd-players/panasonic-dmp-bdt230,301,system,no
/reviews/blu-ray-dvd-players/panasonic--dmp-bdt160,/reviews/blu-ray-dvd-players/panasonic-dmp-bdt160,301,system,no
/reviews/blu-ray-dvd-players/lg--bp340,/reviews/blu-ray-dvd-players/lg-bp340,301,system,no
/reviews/blu-ray-dvd-players/sony--bdp-s4200,/reviews/blu-ray-dvd-players/sony-bdp-s4200,301,system,no
/reviews/blu-ray-dvd-players/panasonic--dmp-bd81,/reviews/blu-ray-dvd-players/panasonic-dmp-bd81,301,system,no
/reviews/blu-ray-dvd-players/sony--bdp-s1200,/reviews/blu-ray-dvd-players/sony-bdp-s1200,301,system,no
/reviews/blu-ray-dvd-players/toshiba--bdx3400,/reviews/blu-ray-dvd-players/toshiba-bdx3400,301,system,no
/reviews/blu-ray-dvd-players/panasonic--dmp-bdt330,/reviews/blu-ray-dvd-players/panasonic-dmp-bdt330,301,system,no
/reviews/blu-ray-dvd-players/lg--bp740,/reviews/blu-ray-dvd-players/lg-bp740,301,system,no
/reviews/blu-ray-dvd-players/toshiba--bdx1500,/reviews/blu-ray-dvd-players/toshiba-bdx1500,301,system,no
/reviews/blu-ray-dvd-players/sony--bdp-s6200,/reviews/blu-ray-dvd-players/sony-bdp-s6200,301,system,no
/reviews/blu-ray-dvd-players/panasonic--dmp-bdt260,/reviews/blu-ray-dvd-players/panasonic-dmp-bdt260,301,system,no
/reviews/blu-ray-dvd-players/lg--bp240,/reviews/blu-ray-dvd-players/lg-bp240,301,system,no
/reviews/blu-ray-dvd-players/yamaha--bd-s677,/reviews/blu-ray-dvd-players/yamaha-bd-s677,301,system,no
/reviews/blu-ray-dvd-players/lg--bp640,/reviews/blu-ray-dvd-players/lg-bp640,301,system,no
/reviews/blu-ray-dvd-players/sony--bdp-s5100,/reviews/blu-ray-dvd-players/sony-bdp-s5100,301,system,no
/reviews/blu-ray-dvd-players/lg--bp645,/reviews/blu-ray-dvd-players/lg-bp645,301,system,no
/reviews/blu-ray-dvd-players/samsung--bd-h5500,/reviews/blu-ray-dvd-players/samsung-bd-h5500,301,system,no
/reviews/blu-ray-dvd-players/sony--bdp-s5200,/reviews/blu-ray-dvd-players/sony-bdp-s5200,301,system,no
/reviews/blu-ray-dvd-players/lg--bp730,/reviews/blu-ray-dvd-players/lg-bp730,301,system,no
/reviews/blu-ray-dvd-players/yamaha--bd-s477,/reviews/blu-ray-dvd-players/yamaha-bd-s477,301,system,no
/reviews/blu-ray-dvd-players/toshiba--bdx2550,/reviews/blu-ray-dvd-players/toshiba-bdx2550,301,system,no
/reviews/blu-ray-dvd-players/samsung--bd-h5900,/reviews/blu-ray-dvd-players/samsung-bd-h5900,301,system,no
/reviews/blu-ray-dvd-players/panasonic--dmp-bdt460,/reviews/blu-ray-dvd-players/panasonic-dmp-bdt460,301,system,no
/reviews/blu-ray-dvd-players/lg--bp440,/reviews/blu-ray-dvd-players/lg-bp440,301,system,no
/reviews/blu-ray-dvd-players/yamaha--bd-s473,/reviews/blu-ray-dvd-players/yamaha-bd-s473,301,system,no
/reviews/blu-ray-dvd-players/pioneer--bdp-170,/reviews/blu-ray-dvd-players/pioneer-bdp-170,301,system,no
/reviews/blu-ray-dvd-players/toshiba--bdx5500,/reviews/blu-ray-dvd-players/toshiba-bdx5500ke,301,system,no
/reviews/blu-ray-dvd-players/samsung--bd-h6500,/reviews/blu-ray-dvd-players/samsung-bd-h6500,301,system,no
/reviews/blu-ray-dvd-players/samsung--bd-f7500,/reviews/blu-ray-dvd-players/samsung-bd-f7500,301,system,no
/reviews/blu-ray-dvd-players/sony--bdp-s7200,/reviews/blu-ray-dvd-players/sony-bdp-s7200,301,system,no
/reviews/blu-ray-dvd-players/samsung--bd-f5100,/reviews/blu-ray-dvd-players/samsung-bd-f5100,301,system,no
/reviews/home-cinema-systems/sony--bdv-e4100,/reviews/home-cinema-systems/sony-bdv-e4100,301,system,no
/reviews/home-cinema-systems/sony--bdv-n5200,/reviews/home-cinema-systems/sony-bdv-n5200,301,system,no
/reviews/home-cinema-systems/sony--bdv-e2100,/reviews/home-cinema-systems/sony-bdv-e2100,301,system,no
/reviews/home-cinema-systems/panasonic--sc-btt405,/reviews/home-cinema-systems/panasonic-sc-btt405,301,system,no
/reviews/home-cinema-systems/samsung--ht-f4500,/reviews/home-cinema-systems/samsung-ht-f4500,301,system,no
/reviews/home-cinema-systems/pioneer--mcs-737,/reviews/home-cinema-systems/pioneer-mcs-737,301,system,no
/reviews/home-cinema-systems/panasonic--sc-btt505,/reviews/home-cinema-systems/panasonic-sc-btt505,301,system,no
/reviews/home-cinema-systems/samsung--ht-h5500,/reviews/home-cinema-systems/samsung-ht-h5500,301,system,no
/reviews/home-cinema-systems/panasonic--sc-btt465,/reviews/home-cinema-systems/panasonic-sc-btt465,301,system,no
/reviews/home-cinema-systems/samsung--ht-h7500,/reviews/home-cinema-systems/samsung-ht-h7500wm,301,system,no
/reviews/home-cinema-systems/lg--bh7240,/reviews/home-cinema-systems/lg-bh7240b,301,system,no
/reviews/home-cinema-systems/sony--bdv-n7200w,/reviews/home-cinema-systems/sony-bdv-n7200w,301,system,no
/reviews/home-cinema-systems/lg--bh6220s,/reviews/home-cinema-systems/lg-bh6220s,301,system,no
/reviews/tv-dvd-combis/avtex--l186drs,/reviews/tv-dvd-combis/avtex-l186drs,301,system,no
/reviews/tv-dvd-combis/cello--c32224f,/reviews/tv-dvd-combis/cello-c32224f,301,system,no
/reviews/tv-dvd-combis/linsar--22led2000st,/reviews/tv-dvd-combis/linsar-22led2000st,301,system,no
/reviews/tv-dvd-combis/avtex--l216drs,/reviews/tv-dvd-combis/avtex-l216drs,301,system,no
/reviews/tv-dvd-combis/sharp--lc-24dv250k,/reviews/tv-dvd-combis/sharp-lc-24dv250k,301,system,no
/reviews/tv-dvd-combis/toshiba--22d1333,/reviews/tv-dvd-combis/toshiba-22d1333,301,system,no
/reviews/tv-dvd-combis/bush--led24127fhddvd,/reviews/tv-dvd-combis/bush-24127fhddvd,301,system,no
/reviews/tv-dvd-combis/toshiba--24d1333,/reviews/tv-dvd-combis/toshiba-24d1333b,301,system,no
/reviews/tv-dvd-combis/logik--l24hed13,/reviews/tv-dvd-combis/logik-l24hed13,301,system,no
/reviews/tv-dvd-combis/toshiba--32d1333,/reviews/tv-dvd-combis/toshiba-32d1333,301,system,no
/technology/tv-and-dvd/reviews/freeview-and-freesat-set-top-boxes/panasonic-dmp-mst60/review/,/reviews/internet-tv-boxes/panasonic-dmp-mst60/,301,system,no
/technology/tv-and-dvd/reviews/freeview-and-freesat-set-top-boxes/point-of-view-hdmi-smart-tv/review/,/reviews/internet-tv-boxes/point-of-view-hdmi-smart-tv/,301,system,no
/technology/tv-and-dvd/reviews/freeview-and-freesat-set-top-boxes/roku-3/review/,/reviews/internet-tv-boxes/roku-3/,301,system,no
/technology/tv-and-dvd/reviews/freeview-and-freesat-set-top-boxes/roku-2/review/,/reviews/internet-tv-boxes/roku-2/,301,system,no
/technology/tv-and-dvd/reviews/freeview-and-freesat-set-top-boxes/roku-1/review/,/reviews/internet-tv-boxes/roku-1/,301,system,no
/technology/tv-and-dvd/reviews/freeview-and-freesat-set-top-boxes/sky-now-tv/review/,/reviews/internet-tv-boxes/sky-now-tv/,301,system,no
/technology/tv-and-dvd/reviews/freeview-and-freesat-set-top-boxes/western-digital-live-tv/review/,/reviews/internet-tv-boxes/western-digital-live-tv/,301,system,no
/technology/tv-and-dvd/reviews/freeview-and-freesat-set-top-boxes/zoostorm/,/reviews/internet-tv-boxes/zoostorm-play-internet-tv/,301,system,no
/technology/tv-and-dvd/reviews/freeview-and-freesat-set-top-boxes/roku-streaming-stick--3500eu-/review/,/reviews/internet-tv-boxes/roku-streaming-stick-3500eu/,301,system,no
/technology/tv-and-dvd/reviews/freeview-and-freesat-set-top-boxes/google-chromecast/review/,/reviews/internet-tv-boxes/google-chromecast/,301,system,no
/technology/tv-and-dvd/reviews/freeview-and-freesat-set-top-boxes/sony/,/reviews/internet-tv-boxes/sony-playstation-4/,301,system,no
/technology/tv-and-dvd/reviews/freeview-and-freesat-set-top-boxes/microsoft-xbox-one/review/,/reviews/internet-tv-boxes/microsoft-xbox-one/,301,system,no
/technology/tv-and-dvd/reviews/freeview-and-freesat-set-top-boxes/nintendo-wii-u/review/,/reviews/internet-tv-boxes/nintendo-wii-u/,301,system,no
/technology/tv-and-dvd/reviews/freeview-and-freesat-set-top-boxes/amazon-fire-tv/review/,/reviews/internet-tv-boxes/amazon-fire-tv/,301,system,no
/technology/tv-and-dvd/reviews/freeview-and-freesat-set-top-boxes/apple-tv--3rd-generation-/review/,/reviews/internet-tv-boxes/apple-tv-3rd-generation/,301,system,no
/technology/tv-and-dvd/reviews/freeview-and-freesat-set-top-boxes/microsoft-wireless-display-adapter/review/,/reviews/internet-tv-boxes/microsoft-wireless-display-adapter/,301,system,no
/technology/tv-and-dvd/reviews/freeview-and-freesat-set-top-boxes/netgear-push2tv-ptv3000/review/,/reviews/internet-tv-boxes/netgear-push2tv-ptv3000/,301,system,no
/technology/tv-and-dvd/reviews/indoor-aerials/one-for-all-sv9360/review/,/reviews/indoor-aerials/one-for-all-sv9360,301,system,no
/technology/tv-and-dvd/reviews/indoor-aerials/one-for-all-sv9323/review/,/reviews/indoor-aerials/one-for-all-sv9323,301,system,no
/technology/tv-and-dvd/reviews/indoor-aerials/one-for-all-sv9215/review/,/reviews/indoor-aerials/one-for-all-sv9215,301,system,no
/technology/tv-and-dvd/reviews/indoor-aerials/one-for-all-sv9365/review/,/reviews/indoor-aerials/one-for-all-sv9365,301,system,no
/technology/tv-and-dvd/reviews/indoor-aerials/telecam-tce2001/review/,/reviews/indoor-aerials/telecam-tce2001,301,system,no
/technology/tv-and-dvd/reviews/indoor-aerials/john-lewis-indoor-digital-aerial/review/,/reviews/indoor-aerials/john-lewis-indoor-digital-aerial,301,system,no
/technology/tv-and-dvd/reviews/indoor-aerials/logik-liaa3814/review/,/reviews/indoor-aerials/logik-liaa3814,301,system,no
/technology/tv-and-dvd/reviews/indoor-aerials/one-for-all-sv9021/review/,/reviews/indoor-aerials/one-for-all-sv9021,301,system,no
/technology/tv-and-dvd/reviews/indoor-aerials/one-for-all-sv9141/review/,/reviews/indoor-aerials/one-for-all-sv9141,301,system,no
/technology/tv-and-dvd/reviews/indoor-aerials/one-for-all-sv9305/review/,/reviews/indoor-aerials/one-for-all-sv9305,301,system,no
/technology/tv-and-dvd/reviews/indoor-aerials/one-for-all-sv9385/review/,/reviews/indoor-aerials/one-for-all-sv9385,301,system,no
/technology/tv-and-dvd/reviews/indoor-aerials/slx-27769rg/review/,/reviews/indoor-aerials/slx-27769rg,301,system,no
/technology/tv-and-dvd/reviews/indoor-aerials/slx-27790rg/review/,/reviews/indoor-aerials/slx-27790rg,301,system,no
/technology/tv-and-dvd/reviews/indoor-aerials/telecam-tce2000-lte/review/,/reviews/indoor-aerials/telecam-tce2000-lte,301,system,no
/technology/tv-and-dvd/reviews/indoor-aerials/john-lewis-performance-amplified-indoor-aerial/review/,/reviews/indoor-aerials/john-lewis-performance-amplified-indoor-aerial,301,system,no
/technology/tv-and-dvd/reviews/pvrs/humax-hdr-2000t-500gb/review/,/reviews/pvrs-and-set-top-boxes/humax-hdr-2000t-500gb/,301,system,no
/technology/tv-and-dvd/reviews/pvrs/humax-hdr-2000t-1tb/review/,/reviews/pvrs-and-set-top-boxes/humax-hdr-2000t-1tb/,301,system,no
/technology/tv-and-dvd/reviews/pvrs/virgin-media-tivo/review/,/reviews/pvrs-and-set-top-boxes/virgin-media-tivo/,301,system,no
/technology/tv-and-dvd/reviews/pvrs/bush-smart-digital-tv-recorder--b500dtr-/review/,/reviews/pvrs-and-set-top-boxes/bush-smart-digital-tv-recorder-b500dtr/,301,system,no
/technology/tv-and-dvd/reviews/pvrs/bt-youview---humax-dtr-t2110-/review/,/reviews/pvrs-and-set-top-boxes/bt-youview-humax-dtr-t2110/,301,system,no
/technology/tv-and-dvd/reviews/pvrs/huawei-youview---dn371t-/review/,/reviews/pvrs-and-set-top-boxes/huawei-youview-dn371t/,301,system,no
/technology/tv-and-dvd/reviews/pvrs/sandstrom-shdfsat14/review/,/reviews/pvrs-and-set-top-boxes/sandstrom-shdfsat14/,301,system,no
/technology/tv-and-dvd/reviews/pvrs/humax-hb-1000s/review/,/reviews/pvrs-and-set-top-boxes/humax-hb-1000s/,301,system,no
/technology/tv-and-dvd/reviews/pvrs/echostar-hdt-610r/review/,/reviews/pvrs-and-set-top-boxes/echostar-hdt-610r/,301,system,no
/technology/tv-and-dvd/reviews/pvrs/panasonic-dmr-hwt230eb/review/,/reviews/pvrs-and-set-top-boxes/panasonic-dmr-hwt230eb/,301,system,no
/technology/tv-and-dvd/reviews/pvrs/panasonic-dmr-hwt130eb/review/,/reviews/pvrs-and-set-top-boxes/panasonic-dmr-hwt130eb/,301,system,no
/technology/tv-and-dvd/reviews/pvrs/panasonic-dmr-pwt635/review/,/reviews/pvrs-and-set-top-boxes/panasonic-dmr-pwt635eb/,301,system,no
/technology/tv-and-dvd/reviews/pvrs/panasonic-dmr-pwt530eb/review/,/reviews/pvrs-and-set-top-boxes/panasonic-dmr-pwt530eb/,301,system,no
/technology/tv-and-dvd/reviews/pvrs/sky-tv/,/reviews/pvrs-and-set-top-boxes/sky-sky-hd-box,301,system,no
/technology/tv-and-dvd/reviews/pvrs/humax-dtr-t1000/review/,/reviews/pvrs-and-set-top-boxes/humax-dtr-t1000/,301,system,no
/technology/tv-and-dvd/reviews/pvrs/philips-hdtp8530/review/,/reviews/pvrs-and-set-top-boxes/philips-hdtp8530/,301,system,no
/technology/tv-and-dvd/reviews/pvrs/humax-hdr-1000s-500gb/review/,/reviews/pvrs-and-set-top-boxes/humax-hdr-1000s-500gb/,301,system,no
/technology/tv-and-dvd/reviews/pvrs/humax-hdr-1000s-1tb/review/,/reviews/pvrs-and-set-top-boxes/humax-hdr-1000s-1tb/,301,system,no
/technology/tv-and-dvd/reviews/pvrs/logik-l1hstb12/review/,/reviews/pvrs-and-set-top-boxes/logik-l1hstb12/,301,system,no
/technology/tv-and-dvd/reviews/pvrs/sagemcom-rt195-500/review/,/reviews/pvrs-and-set-top-boxes/sagemcom-rti95-500/,301,system,no
/technology/tv-and-dvd/reviews/pvrs/hitachi-freeview-hd-digital-tv-recorder/review/,/reviews/pvrs-and-set-top-boxes/hitachi-freeview-hd-digital-tv-recorder/,301,system,no
/technology/tv-and-dvd/reviews/pvrs/logik-l5sstb13/review/,/reviews/pvrs-and-set-top-boxes/logik-l5sstb13/,301,system,no
/technology/tv-and-dvd/reviews/pvrs/view21-vw107zrh50w/review/,/reviews/pvrs-and-set-top-boxes/view-21-vw107zrh50w/,301,system,no
/technology/tv-and-dvd/reviews/pvrs/goodmans-gv102zrh50/review/,/reviews/pvrs-and-set-top-boxes/goodmans-gv102zrh50/,301,system,no
/technology/tv-and-dvd/reviews/pvrs/sagemcom-rt190-500/review/,/reviews/pvrs-and-set-top-boxes/sagemcom-rti90-500/,301,system,no
/technology/tv-and-dvd/reviews/pvrs/goodmans-gd11fvrsd50/review/,/reviews/pvrs-and-set-top-boxes/goodmans-gd11fvrsd50/,301,system,no
/technology/tv-and-dvd/reviews/pvrs/goodmans-gs104trh50/review/,/reviews/pvrs-and-set-top-boxes/goodmans-gs104trh50/,301,system,no
/technology/tv-and-dvd/reviews/pvrs/goodmans-gv102zrh10a/review/,/reviews/pvrs-and-set-top-boxes/goodmans-gv102zrh10a/,301,system,no
/technology/tv-and-dvd/reviews/pvrs/humax-dtr-t2000/review/,/reviews/pvrs-and-set-top-boxes/humax-dtr-t2000/,301,system,no
/technology/tv-and-dvd/reviews/pvrs/humax-hdr-1800t/review/,/reviews/pvrs-and-set-top-boxes/humax-hdr-1800t/,301,system,no
/technology/tv-and-dvd/reviews/pvrs/humax-dtr-t1010/review/,/reviews/pvrs-and-set-top-boxes/humax-dtr-t1010/,301,system,no
/technology/tv-and-dvd/reviews/pvrs/manhattan-plaza-hdr-s/review/,/reviews/pvrs-and-set-top-boxes/manhattan-plaza-hdr-s/,301,system,no
/technology/tv-and-dvd/reviews/pvrs/samsung-bd-h8500m/review/,/reviews/pvrs-and-set-top-boxes/samsung-bd-h8500m/,301,system,no
/technology/tv-and-dvd/reviews/pvrs/ee-ee-tv/review/,/reviews/pvrs-and-set-top-boxes/ee-ee-tv/,301,system,no
/technology/tv-and-dvd/reviews/pvrs/technika-tkstb14/review/,/reviews/pvrs-and-set-top-boxes/technika-tkstb14/,301,system,no
/technology/tv-and-dvd/reviews/pvrs/bush-500gb-freesat--hd-digital-tv-recorder/review/,/reviews/pvrs-and-set-top-boxes/bush-500gb-freesat-hd-digital-tv-recorder/,301,system,no
/technology/tv-and-dvd/reviews/pvrs/panasonic-dmr-bwt740eb/review/,/reviews/pvrs-and-set-top-boxes/panasonic-dmr-bwt740eb/,301,system,no
/technology/tv-and-dvd/reviews/freeview-and-freesat-set-top-boxes/alba-cdvb5n/review/,/reviews/pvrs-and-set-top-boxes/alba-cdvb5n/,301,system,no
/technology/tv-and-dvd/reviews/freeview-and-freesat-set-top-boxes/bush-dh2636/review/,/reviews/pvrs-and-set-top-boxes/bush-dh2636/,301,system,no
/technology/tv-and-dvd/reviews/freeview-and-freesat-set-top-boxes/goodmans-gdb02tfv2/review/,/reviews/pvrs-and-set-top-boxes/goodmans-gfsat101sd/,301,system,no
/technology/tv-and-dvd/reviews/freeview-and-freesat-set-top-boxes/goodmans-gdb18fvzs2/review/,/reviews/pvrs-and-set-top-boxes/goodmans-gdb18fvzs2/,301,system,no
/technology/tv-and-dvd/reviews/freeview-and-freesat-set-top-boxes/icecrypt-t2300hd/review/,/reviews/pvrs-and-set-top-boxes/icecrypt-t2300hd/,301,system,no
/technology/tv-and-dvd/reviews/freeview-and-freesat-set-top-boxes/manhattan-plaza-hd-s2/review/,/reviews/pvrs-and-set-top-boxes/manhattan-plaza-hd-s2/,301,system,no
/technology/tv-and-dvd/reviews/freeview-and-freesat-set-top-boxes/premier-av-tv-1158hd/review/,/reviews/pvrs-and-set-top-boxes/premier-av-tv-1158hd/,301,system,no
/technology/tv-and-dvd/reviews/freeview-and-freesat-set-top-boxes/ross-t2usbpvr-ro/review/,/reviews/pvrs-and-set-top-boxes/ross-t2usbpvr-ro/,301,system,no
/technology/tv-and-dvd/reviews/freeview-and-freesat-set-top-boxes/view21-vw11fvszu/review/,/reviews/pvrs-and-set-top-boxes/view-21-vw11fvszu/,301,system,no
/technology/tv-and-dvd/reviews/freeview-and-freesat-set-top-boxes/talktalk-youview--huawei-dn360t-/review/,/reviews/pvrs-and-set-top-boxes/talk-talk-youview-huawei-dn360t/,301,system,no
/technology/tv-and-dvd/reviews/freeview-and-freesat-set-top-boxes/virgin-media-v-hd-box/review/,/reviews/pvrs-and-set-top-boxes/virgin-media-v-hd-box/,301,system,no
/technology/tv-and-dvd/reviews/freeview-and-freesat-set-top-boxes/manhattan-plaza-hd-t2/review/,/reviews/pvrs-and-set-top-boxes/manhattan-plaza-hd-t2/,301,system,no
/technology/tv-and-dvd/reviews/freeview-and-freesat-set-top-boxes/goodmans-gs103tzh/review/,/reviews/pvrs-and-set-top-boxes/goodmans-gs103tzh/,301,system,no
/technology/tv-and-dvd/reviews/freeview-and-freesat-set-top-boxes/bt-youview-box/review/,/reviews/pvrs-and-set-top-boxes/bt-youview-box/,301,system,no
/technology/tv-and-dvd/reviews/freeview-and-freesat-set-top-boxes/bush-freesat-hd-digital-set-top-box--2462323-/review/,/reviews/pvrs-and-set-top-boxes/bush-freesat-hd-digital-set-top-box-2462323/,301,system,no
/technology/tv-and-dvd/reviews/freeview-and-freesat-set-top-boxes/bush-freeview-twin-scart-set-top-box--1526019-/review/,/reviews/pvrs-and-set-top-boxes/bush-freeview-twin-scart-set-top-box-1526019/,301,system,no
/technology/tv-and-dvd/reviews/freeview-and-freesat-set-top-boxes/goodmans-gdb02tfv2/review/,/reviews/pvrs-and-set-top-boxes/goodmans-gdb02tfv2/,301,system,no